lot_id,component_id,payload_type,device_spec_id,operating_voltage_v,test_temperature_c,iddq_0h,iddq_24h,iddq_168h_actual,v_offset_0h,v_offset_24h,snr_24h,spec_max_iddq,is_defective_gt,category_label,failure_mode_gt
LOT_2026_01,LOT_2026_01_COMP_0000,SPACE_MEMS_SENSOR,ISRO-MEMS-SENS-2026,3.96,125.0,1.154,3.871,4.015,4.975,5.189,43.14,15.0,0,0,HEALTHY
LOT_2026_01,LOT_2026_01_COMP_0001,SPACE_MEMS_SENSOR,ISRO-MEMS-SENS-2026,3.96,125.0,1.141,3.824,4.027,5.023,5.242,43.32,15.0,0,0,HEALTHY
LOT_2026_01,LOT_2026_01_COMP_0002,SPACE_MEMS_SENSOR,ISRO-MEMS-SENS-2026,3.96,125.0,1.083,3.697,3.824,4.964,5.033,43.11,15.0,0,0,HEALTHY
LOT_2026_01,LOT_2026_01_COMP_0003,SPACE_MEMS_SENSOR,ISRO-MEMS-SENS-2026,3.96,125.0,1.146,3.821,3.968,5.057,5.209,43.17,15.0,0,0,HEALTHY
LOT_2026_01,LOT_2026_01_COMP_0004,SPACE_MEMS_SENSOR,ISRO-MEMS-SENS-2026,3.96,125.0,1.145,3.862,4.024,5.143,5.304,43.38,15.0,0,0,HEALTHY
LOT_2026_01,LOT_2026_01_COMP_0005,SPACE_MEMS_SENSOR,ISRO-MEMS-SENS-2026,3.96,125.0,1.347,4.369,4.518,5.143,5.261,43.52,15.0,0,0,HEALTHY
LOT_2026_01,LOT_2026_01_COMP_0006,SPACE_MEMS_SENSOR,ISRO-MEMS-SENS-2026,3.96,125.0,1.245,4.178,4.347,4.869,5.122,43.57,15.0,0,0,HEALTHY
LOT_2026_01,LOT_2026_01_COMP_0007,SPACE_MEMS_SENSOR,ISRO-MEMS-SENS-2026,3.96,125.0,1.098,3.712,3.817,4.926,5.228,43.06,15.0,0,0,HEALTHY
LOT_2026_01,LOT_2026_01_COMP_0008,SPACE_MEMS_SENSOR,ISRO-MEMS-SENS-2026,3.96,125.0,1.352,4.58,4.72,5.468,5.523,42.34,15.0,0,0,HEALTHY
LOT_2026_01,LOT_2026_01_COMP_0009,SPACE_MEMS_SENSOR,ISRO-MEMS-SENS-2026,3.96,125.0,1.23,4.1,4.264,4.802,5.135,43.04,15.0,0,0,HEALTHY
LOT_2026_01,LOT_2026_01_COMP_0010,SPACE_MEMS_SENSOR,ISRO-MEMS-SENS-2026,3.96,125.0,1.276,4.154,4.271,5.295,5.434,42.62,15.0,0,0,HEALTHY
LOT_2026_01,LOT_2026_01_COMP_0011,SPACE_MEMS_SENSOR,ISRO-MEMS-SENS-2026,3.96,125.0,1.21,3.998,4.159,4.953,5.095,42.84,15.0,0,0,HEALTHY
LOT_2026_01,LOT_2026_01_COMP_0012,SPACE_MEMS_SENSOR,ISRO-MEMS-SENS-2026,3.96,125.0,1.239,4.232,4.333,5.057,5.176,42.88,15.0,0,0,HEALTHY
LOT_2026_01,LOT_2026_01_COMP_0013,SPACE_MEMS_SENSOR,ISRO-MEMS-SENS-2026,3.96,125.0,1.203,4.103,4.27,5.097,5.243,42.79,15.0,0,0,HEALTHY
LOT_2026_01,LOT_2026_01_COMP_0014,SPACE_MEMS_SENSOR,ISRO-MEMS-SENS-2026,3.96,125.0,1.209,4.015,4.156,5.138,5.237,43.33,15.0,0,0,HEALTHY
LOT_2026_01,LOT_2026_01_COMP_0015,SPACE_MEMS_SENSOR,ISRO-MEMS-SENS-2026,3.96,125.0,1.143,3.826,3.791,5.058,5.002,45.47,15.0,1,2,MEMS_MICROCRACK
LOT_2026_01,LOT_2026_01_COMP_0016,SPACE_MEMS_SENSOR,ISRO-MEMS-SENS-2026,3.96,125.0,1.216,4.058,4.228,5.047,5.215,42.27,15.0,0,0,HEALTHY
LOT_2026_01,LOT_2026_01_COMP_0017,SPACE_MEMS_SENSOR,ISRO-MEMS-SENS-2026,3.96,125.0,1.181,4.055,4.192,5.093,5.309,42.88,15.0,0,0,HEALTHY
LOT_2026_01,LOT_2026_01_COMP_0018,SPACE_MEMS_SENSOR,ISRO-MEMS-SENS-2026,3.96,125.0,1.216,3.915,4.015,4.816,5.014,42.77,15.0,0,0,HEALTHY
LOT_2026_01,LOT_2026_01_COMP_0019,SPACE_MEMS_SENSOR,ISRO-MEMS-SENS-2026,3.96,125.0,1.247,4.176,4.325,5.175,5.389,42.88,15.0,0,0,HEALTHY
LOT_2026_01,LOT_2026_01_COMP_0020,SPACE_MEMS_SENSOR,ISRO-MEMS-SENS-2026,3.96,125.0,1.13,3.893,4.05,5.102,5.304,43.52,15.0,0,0,HEALTHY
LOT_2026_01,LOT_2026_01_COMP_0021,SPACE_MEMS_SENSOR,ISRO-MEMS-SENS-2026,3.96,125.0,1.307,4.361,4.565,4.993,5.156,43.08,15.0,0,0,HEALTHY
LOT_2026_01,LOT_2026_01_COMP_0022,SPACE_MEMS_SENSOR,ISRO-MEMS-SENS-2026,3.96,125.0,1.337,4.383,4.51,4.854,5.053,43.1,15.0,0,0,HEALTHY
LOT_2026_01,LOT_2026_01_COMP_0023,SPACE_MEMS_SENSOR,ISRO-MEMS-SENS-2026,3.96,125.0,1.269,4.222,4.37,5.013,5.229,42.67,15.0,0,0,HEALTHY
LOT_2026_01,LOT_2026_01_COMP_0024,SPACE_MEMS_SENSOR,ISRO-MEMS-SENS-2026,3.96,125.0,1.284,4.244,4.42,5.144,5.295,43.76,15.0,0,0,HEALTHY
LOT_2026_01,LOT_2026_01_COMP_0025,SPACE_MEMS_SENSOR,ISRO-MEMS-SENS-2026,3.96,125.0,1.137,3.671,3.823,4.991,5.199,43.52,15.0,0,0,HEALTHY
LOT_2026_01,LOT_2026_01_COMP_0026,SPACE_MEMS_SENSOR,ISRO-MEMS-SENS-2026,3.96,125.0,1.29,4.236,4.418,5.215,5.269,42.8,15.0,0,0,HEALTHY
LOT_2026_01,LOT_2026_01_COMP_0027,SPACE_MEMS_SENSOR,ISRO-MEMS-SENS-2026,3.96,125.0,1.094,3.63,3.833,5.112,5.259,43.33,15.0,0,0,HEALTHY
LOT_2026_01,LOT_2026_01_COMP_0028,SPACE_MEMS_SENSOR,ISRO-MEMS-SENS-2026,3.96,125.0,1.321,4.424,4.534,5.05,5.281,43.15,15.0,0,0,HEALTHY
LOT_2026_01,LOT_2026_01_COMP_0029,SPACE_MEMS_SENSOR,ISRO-MEMS-SENS-2026,3.96,125.0,1.224,4.076,4.189,4.884,5.203,43.14,15.0,0,0,HEALTHY
LOT_2026_01,LOT_2026_01_COMP_0030,SPACE_MEMS_SENSOR,ISRO-MEMS-SENS-2026,3.96,125.0,1.865,6.222,6.528,6.252,6.177,43.27,15.0,1,3,FREAK_OUTLIER
LOT_2026_01,LOT_2026_01_COMP_0031,SPACE_MEMS_SENSOR,ISRO-MEMS-SENS-2026,3.96,125.0,1.175,3.943,4.099,4.914,5.12,42.78,15.0,0,0,HEALTHY
LOT_2026_01,LOT_2026_01_COMP_0032,SPACE_MEMS_SENSOR,ISRO-MEMS-SENS-2026,3.96,125.0,1.087,3.595,3.765,4.822,5.072,42.68,15.0,0,0,HEALTHY
LOT_2026_01,LOT_2026_01_COMP_0033,SPACE_MEMS_SENSOR,ISRO-MEMS-SENS-2026,3.96,125.0,1.339,4.533,4.683,5.068,5.316,43.28,15.0,0,0,HEALTHY
LOT_2026_01,LOT_2026_01_COMP_0034,SPACE_MEMS_SENSOR,ISRO-MEMS-SENS-2026,3.96,125.0,1.249,4.166,4.322,5.022,5.21,42.71,15.0,0,0,HEALTHY
LOT_2026_01,LOT_2026_01_COMP_0035,SPACE_MEMS_SENSOR,ISRO-MEMS-SENS-2026,3.96,125.0,1.259,4.147,4.321,5.223,5.4,42.83,15.0,0,0,HEALTHY
LOT_2026_01,LOT_2026_01_COMP_0036,SPACE_MEMS_SENSOR,ISRO-MEMS-SENS-2026,3.96,125.0,1.251,4.167,4.349,5.113,5.306,42.74,15.0,0,0,HEALTHY
LOT_2026_01,LOT_2026_01_COMP_0037,SPACE_MEMS_SENSOR,ISRO-MEMS-SENS-2026,3.96,125.0,1.215,4.053,4.159,4.841,5.098,43.26,15.0,0,0,HEALTHY
LOT_2026_01,LOT_2026_01_COMP_0038,SPACE_MEMS_SENSOR,ISRO-MEMS-SENS-2026,3.96,125.0,1.227,4.069,4.206,4.638,4.873,42.58,15.0,0,0,HEALTHY
LOT_2026_01,LOT_2026_01_COMP_0039,SPACE_MEMS_SENSOR,ISRO-MEMS-SENS-2026,3.96,125.0,1.153,3.858,3.955,4.815,5.181,42.57,15.0,0,0,HEALTHY
LOT_2026_01,LOT_2026_01_COMP_0040,SPACE_MEMS_SENSOR,ISRO-MEMS-SENS-2026,3.96,125.0,1.219,4.206,4.346,4.957,5.05,42.84,15.0,0,0,HEALTHY
LOT_2026_01,LOT_2026_01_COMP_0041,SPACE_MEMS_SENSOR,ISRO-MEMS-SENS-2026,3.96,125.0,1.301,4.331,4.465,4.812,4.911,42.45,15.0,0,0,HEALTHY
LOT_2026_01,LOT_2026_01_COMP_0042,SPACE_MEMS_SENSOR,ISRO-MEMS-SENS-2026,3.96,125.0,1.298,4.241,4.378,4.902,5.085,44.01,15.0,0,0,HEALTHY
LOT_2026_01,LOT_2026_01_COMP_0043,SPACE_MEMS_SENSOR,ISRO-MEMS-SENS-2026,3.96,125.0,1.215,4.041,4.197,5.042,5.175,42.87,15.0,0,0,HEALTHY
LOT_2026_01,LOT_2026_01_COMP_0044,SPACE_MEMS_SENSOR,ISRO-MEMS-SENS-2026,3.96,125.0,1.158,3.851,4.069,5.05,5.302,43.22,15.0,0,0,HEALTHY
LOT_2026_01,LOT_2026_01_COMP_0045,SPACE_MEMS_SENSOR,ISRO-MEMS-SENS-2026,3.96,125.0,1.373,4.462,7386.821,5.214,5.685,45.33,15.0,1,1,THERMAL_RUNAWAY
LOT_2026_01,LOT_2026_01_COMP_0046,SPACE_MEMS_SENSOR,ISRO-MEMS-SENS-2026,3.96,125.0,1.041,3.528,3.664,5.181,5.566,43.06,15.0,0,0,HEALTHY
LOT_2026_01,LOT_2026_01_COMP_0047,SPACE_MEMS_SENSOR,ISRO-MEMS-SENS-2026,3.96,125.0,1.244,4.114,4.306,4.934,5.237,43.12,15.0,0,0,HEALTHY
LOT_2026_01,LOT_2026_01_COMP_0048,SPACE_MEMS_SENSOR,ISRO-MEMS-SENS-2026,3.96,125.0,1.351,4.51,4.669,4.87,5.06,43.59,15.0,0,0,HEALTHY
LOT_2026_01,LOT_2026_01_COMP_0049,SPACE_MEMS_SENSOR,ISRO-MEMS-SENS-2026,3.96,125.0,1.227,4.098,4.231,4.989,5.325,43.23,15.0,0,0,HEALTHY
LOT_2026_01,LOT_2026_01_COMP_0050,SPACE_MEMS_SENSOR,ISRO-MEMS-SENS-2026,3.96,125.0,1.277,4.292,4.444,5.043,5.213,43.82,15.0,0,0,HEALTHY
LOT_2026_01,LOT_2026_01_COMP_0051,SPACE_MEMS_SENSOR,ISRO-MEMS-SENS-2026,3.96,125.0,1.242,4.26,4.417,4.612,4.818,43.78,15.0,0,0,HEALTHY
LOT_2026_01,LOT_2026_01_COMP_0052,SPACE_MEMS_SENSOR,ISRO-MEMS-SENS-2026,3.96,125.0,1.157,3.72,3.858,4.931,5.178,43.55,15.0,0,0,HEALTHY
LOT_2026_01,LOT_2026_01_COMP_0053,SPACE_MEMS_SENSOR,ISRO-MEMS-SENS-2026,3.96,125.0,1.288,4.26,4.389,5.023,5.214,43.59,15.0,0,0,HEALTHY
LOT_2026_01,LOT_2026_01_COMP_0054,SPACE_MEMS_SENSOR,ISRO-MEMS-SENS-2026,3.96,125.0,1.356,4.444,4.592,4.96,5.158,43.5,15.0,0,0,HEALTHY
LOT_2026_01,LOT_2026_01_COMP_0055,SPACE_MEMS_SENSOR,ISRO-MEMS-SENS-2026,3.96,125.0,1.328,4.42,4.556,5.144,5.144,43.5,15.0,0,0,HEALTHY
LOT_2026_01,LOT_2026_01_COMP_0056,SPACE_MEMS_SENSOR,ISRO-MEMS-SENS-2026,3.96,125.0,1.311,4.494,4.606,5.157,5.322,43.56,15.0,0,0,HEALTHY
LOT_2026_01,LOT_2026_01_COMP_0057,SPACE_MEMS_SENSOR,ISRO-MEMS-SENS-2026,3.96,125.0,1.189,3.972,4.093,4.926,5.035,42.75,15.0,0,0,HEALTHY
LOT_2026_01,LOT_2026_01_COMP_0058,SPACE_MEMS_SENSOR,ISRO-MEMS-SENS-2026,3.96,125.0,1.21,4.058,4.253,5.028,5.111,43.21,15.0,0,0,HEALTHY
LOT_2026_01,LOT_2026_01_COMP_0059,SPACE_MEMS_SENSOR,ISRO-MEMS-SENS-2026,3.96,125.0,1.119,3.824,4.0,5.073,5.224,42.88,15.0,0,0,HEALTHY
LOT_2026_01,LOT_2026_01_COMP_0060,SPACE_MEMS_SENSOR,ISRO-MEMS-SENS-2026,3.96,125.0,1.436,4.671,4.811,4.825,5.011,43.2,15.0,0,0,HEALTHY
LOT_2026_01,LOT_2026_01_COMP_0061,SPACE_MEMS_SENSOR,ISRO-MEMS-SENS-2026,3.96,125.0,1.123,3.862,3.992,5.175,5.327,42.57,15.0,0,0,HEALTHY
LOT_2026_01,LOT_2026_01_COMP_0062,SPACE_MEMS_SENSOR,ISRO-MEMS-SENS-2026,3.96,125.0,1.203,3.957,4.077,4.708,4.931,42.96,15.0,0,0,HEALTHY
LOT_2026_01,LOT_2026_01_COMP_0063,SPACE_MEMS_SENSOR,ISRO-MEMS-SENS-2026,3.96,125.0,1.23,4.157,4.261,4.804,5.075,43.59,15.0,0,0,HEALTHY
LOT_2026_01,LOT_2026_01_COMP_0064,SPACE_MEMS_SENSOR,ISRO-MEMS-SENS-2026,3.96,125.0,1.12,3.726,3.887,4.96,5.268,42.83,15.0,0,0,HEALTHY
LOT_2026_01,LOT_2026_01_COMP_0065,SPACE_MEMS_SENSOR,ISRO-MEMS-SENS-2026,3.96,125.0,1.154,3.916,4.086,4.839,5.123,41.93,15.0,0,0,HEALTHY
LOT_2026_01,LOT_2026_01_COMP_0066,SPACE_MEMS_SENSOR,ISRO-MEMS-SENS-2026,3.96,125.0,1.127,3.766,3.904,5.125,5.284,43.62,15.0,0,0,HEALTHY
LOT_2026_01,LOT_2026_01_COMP_0067,SPACE_MEMS_SENSOR,ISRO-MEMS-SENS-2026,3.96,125.0,1.18,3.895,4.04,4.891,5.048,43.49,15.0,0,0,HEALTHY
LOT_2026_01,LOT_2026_01_COMP_0068,SPACE_MEMS_SENSOR,ISRO-MEMS-SENS-2026,3.96,125.0,1.369,4.498,4.711,4.907,5.164,43.52,15.0,0,0,HEALTHY
LOT_2026_01,LOT_2026_01_COMP_0069,SPACE_MEMS_SENSOR,ISRO-MEMS-SENS-2026,3.96,125.0,1.24,4.088,42913.792,4.867,5.425,44.75,15.0,1,1,THERMAL_RUNAWAY
LOT_2026_01,LOT_2026_01_COMP_0070,SPACE_MEMS_SENSOR,ISRO-MEMS-SENS-2026,3.96,125.0,1.219,3.985,4.138,4.982,5.141,43.46,15.0,0,0,HEALTHY
LOT_2026_01,LOT_2026_01_COMP_0071,SPACE_MEMS_SENSOR,ISRO-MEMS-SENS-2026,3.96,125.0,1.208,4.005,4.17,4.835,4.997,43.82,15.0,0,0,HEALTHY
LOT_2026_01,LOT_2026_01_COMP_0072,SPACE_MEMS_SENSOR,ISRO-MEMS-SENS-2026,3.96,125.0,1.064,3.664,3.771,5.035,5.26,42.59,15.0,0,0,HEALTHY
LOT_2026_01,LOT_2026_01_COMP_0073,SPACE_MEMS_SENSOR,ISRO-MEMS-SENS-2026,3.96,125.0,1.147,3.844,3.965,5.03,5.244,42.91,15.0,0,0,HEALTHY
LOT_2026_01,LOT_2026_01_COMP_0074,SPACE_MEMS_SENSOR,ISRO-MEMS-SENS-2026,3.96,125.0,1.249,4.248,4.358,4.916,4.996,43.13,15.0,0,0,HEALTHY
LOT_2026_01,LOT_2026_01_COMP_0075,SPACE_MEMS_SENSOR,ISRO-MEMS-SENS-2026,3.96,125.0,1.246,4.186,4.298,5.219,5.488,42.89,15.0,0,0,HEALTHY
LOT_2026_01,LOT_2026_01_COMP_0076,SPACE_MEMS_SENSOR,ISRO-MEMS-SENS-2026,3.96,125.0,1.144,3.77,3.902,5.176,5.367,43.25,15.0,0,0,HEALTHY
LOT_2026_01,LOT_2026_01_COMP_0077,SPACE_MEMS_SENSOR,ISRO-MEMS-SENS-2026,3.96,125.0,1.233,4.169,4.344,5.125,5.25,42.8,15.0,0,0,HEALTHY
LOT_2026_01,LOT_2026_01_COMP_0078,SPACE_MEMS_SENSOR,ISRO-MEMS-SENS-2026,3.96,125.0,1.136,3.789,3.915,4.998,5.148,43.66,15.0,0,0,HEALTHY
LOT_2026_01,LOT_2026_01_COMP_0079,SPACE_MEMS_SENSOR,ISRO-MEMS-SENS-2026,3.96,125.0,1.225,4.11,4.283,4.833,5.063,43.8,15.0,0,0,HEALTHY
LOT_2026_01,LOT_2026_01_COMP_0080,SPACE_MEMS_SENSOR,ISRO-MEMS-SENS-2026,3.96,125.0,1.382,4.626,4.748,5.135,5.3,43.09,15.0,0,0,HEALTHY
LOT_2026_01,LOT_2026_01_COMP_0081,SPACE_MEMS_SENSOR,ISRO-MEMS-SENS-2026,3.96,125.0,1.199,3.901,4.075,5.173,5.44,42.62,15.0,0,0,HEALTHY
LOT_2026_01,LOT_2026_01_COMP_0082,SPACE_MEMS_SENSOR,ISRO-MEMS-SENS-2026,3.96,125.0,1.175,3.869,3.963,4.893,5.011,43.04,15.0,0,0,HEALTHY
LOT_2026_01,LOT_2026_01_COMP_0083,SPACE_MEMS_SENSOR,ISRO-MEMS-SENS-2026,3.96,125.0,1.09,3.67,3.791,4.596,4.846,42.36,15.0,0,0,HEALTHY
LOT_2026_01,LOT_2026_01_COMP_0084,SPACE_MEMS_SENSOR,ISRO-MEMS-SENS-2026,3.96,125.0,1.209,4.034,4.227,5.339,5.447,42.66,15.0,0,0,HEALTHY
LOT_2026_01,LOT_2026_01_COMP_0085,SPACE_MEMS_SENSOR,ISRO-MEMS-SENS-2026,3.96,125.0,1.124,3.788,3.949,4.842,5.024,42.72,15.0,0,0,HEALTHY
LOT_2026_01,LOT_2026_01_COMP_0086,SPACE_MEMS_SENSOR,ISRO-MEMS-SENS-2026,3.96,125.0,1.362,4.498,4.66,4.777,5.09,42.72,15.0,0,0,HEALTHY
LOT_2026_01,LOT_2026_01_COMP_0087,SPACE_MEMS_SENSOR,ISRO-MEMS-SENS-2026,3.96,125.0,1.2,3.959,4.098,5.1,5.348,42.76,15.0,0,0,HEALTHY
LOT_2026_01,LOT_2026_01_COMP_0088,SPACE_MEMS_SENSOR,ISRO-MEMS-SENS-2026,3.96,125.0,1.169,3.991,4.134,5.375,5.414,42.39,15.0,0,0,HEALTHY
LOT_2026_01,LOT_2026_01_COMP_0089,SPACE_MEMS_SENSOR,ISRO-MEMS-SENS-2026,3.96,125.0,1.14,3.731,3.899,5.064,5.223,44.18,15.0,0,0,HEALTHY
LOT_2026_01,LOT_2026_01_COMP_0090,SPACE_MEMS_SENSOR,ISRO-MEMS-SENS-2026,3.96,125.0,1.187,3.944,4.074,5.062,5.35,42.62,15.0,0,0,HEALTHY
LOT_2026_01,LOT_2026_01_COMP_0091,SPACE_MEMS_SENSOR,ISRO-MEMS-SENS-2026,3.96,125.0,1.179,3.995,4.128,5.193,5.33,42.79,15.0,0,0,HEALTHY
LOT_2026_01,LOT_2026_01_COMP_0092,SPACE_MEMS_SENSOR,ISRO-MEMS-SENS-2026,3.96,125.0,1.381,4.596,4.775,4.906,5.129,42.84,15.0,0,0,HEALTHY
LOT_2026_01,LOT_2026_01_COMP_0093,SPACE_MEMS_SENSOR,ISRO-MEMS-SENS-2026,3.96,125.0,1.183,3.887,4.034,4.792,4.972,41.93,15.0,0,0,HEALTHY
LOT_2026_01,LOT_2026_01_COMP_0094,SPACE_MEMS_SENSOR,ISRO-MEMS-SENS-2026,3.96,125.0,1.16,3.949,4.112,4.88,5.165,43.3,15.0,0,0,HEALTHY
LOT_2026_01,LOT_2026_01_COMP_0095,SPACE_MEMS_SENSOR,ISRO-MEMS-SENS-2026,3.96,125.0,1.262,4.108,11017.331,4.806,5.407,45.06,15.0,1,1,THERMAL_RUNAWAY
LOT_2026_01,LOT_2026_01_COMP_0096,SPACE_MEMS_SENSOR,ISRO-MEMS-SENS-2026,3.96,125.0,1.049,3.5,3.679,4.889,5.121,43.18,15.0,0,0,HEALTHY
LOT_2026_01,LOT_2026_01_COMP_0097,SPACE_MEMS_SENSOR,ISRO-MEMS-SENS-2026,3.96,125.0,1.282,4.333,4.445,5.029,5.241,42.09,15.0,0,0,HEALTHY
LOT_2026_01,LOT_2026_01_COMP_0098,SPACE_MEMS_SENSOR,ISRO-MEMS-SENS-2026,3.96,125.0,1.188,3.991,4.091,5.142,5.369,42.78,15.0,0,0,HEALTHY
LOT_2026_01,LOT_2026_01_COMP_0099,SPACE_MEMS_SENSOR,ISRO-MEMS-SENS-2026,3.96,125.0,1.079,3.67,3.809,5.122,5.432,43.26,15.0,0,0,HEALTHY
LOT_2026_01,LOT_2026_01_COMP_0100,SPACE_MEMS_SENSOR,ISRO-MEMS-SENS-2026,3.96,125.0,1.287,4.299,4.432,4.892,5.095,42.11,15.0,0,0,HEALTHY
LOT_2026_01,LOT_2026_01_COMP_0101,SPACE_MEMS_SENSOR,ISRO-MEMS-SENS-2026,3.96,125.0,1.244,4.17,4.296,4.962,5.27,43.33,15.0,0,0,HEALTHY
LOT_2026_01,LOT_2026_01_COMP_0102,SPACE_MEMS_SENSOR,ISRO-MEMS-SENS-2026,3.96,125.0,1.323,4.45,4.603,4.987,5.156,42.14,15.0,0,0,HEALTHY
LOT_2026_01,LOT_2026_01_COMP_0103,SPACE_MEMS_SENSOR,ISRO-MEMS-SENS-2026,3.96,125.0,1.213,4.069,4.253,5.079,5.313,42.64,15.0,0,0,HEALTHY
LOT_2026_01,LOT_2026_01_COMP_0104,SPACE_MEMS_SENSOR,ISRO-MEMS-SENS-2026,3.96,125.0,1.277,4.203,4.3,5.161,5.223,43.61,15.0,0,0,HEALTHY
LOT_2026_01,LOT_2026_01_COMP_0105,SPACE_MEMS_SENSOR,ISRO-MEMS-SENS-2026,3.96,125.0,1.18,3.914,4.07,4.897,5.039,43.63,15.0,0,0,HEALTHY
LOT_2026_01,LOT_2026_01_COMP_0106,SPACE_MEMS_SENSOR,ISRO-MEMS-SENS-2026,3.96,125.0,1.279,4.17,4.29,4.932,5.183,42.68,15.0,0,0,HEALTHY
LOT_2026_01,LOT_2026_01_COMP_0107,SPACE_MEMS_SENSOR,ISRO-MEMS-SENS-2026,3.96,125.0,1.238,4.036,4.229,5.171,5.309,42.92,15.0,0,0,HEALTHY
LOT_2026_01,LOT_2026_01_COMP_0108,SPACE_MEMS_SENSOR,ISRO-MEMS-SENS-2026,3.96,125.0,1.126,3.752,3.867,5.179,5.426,43.2,15.0,0,0,HEALTHY
LOT_2026_01,LOT_2026_01_COMP_0109,SPACE_MEMS_SENSOR,ISRO-MEMS-SENS-2026,3.96,125.0,1.097,3.648,3.775,5.08,5.317,42.99,15.0,0,0,HEALTHY
LOT_2026_01,LOT_2026_01_COMP_0110,SPACE_MEMS_SENSOR,ISRO-MEMS-SENS-2026,3.96,125.0,1.306,4.457,4.569,5.146,5.354,42.51,15.0,0,0,HEALTHY
LOT_2026_01,LOT_2026_01_COMP_0111,SPACE_MEMS_SENSOR,ISRO-MEMS-SENS-2026,3.96,125.0,1.193,3.917,4.102,4.714,4.958,42.86,15.0,0,0,HEALTHY
LOT_2026_01,LOT_2026_01_COMP_0112,SPACE_MEMS_SENSOR,ISRO-MEMS-SENS-2026,3.96,125.0,1.249,4.196,4.353,4.843,5.084,42.16,15.0,0,0,HEALTHY
LOT_2026_01,LOT_2026_01_COMP_0113,SPACE_MEMS_SENSOR,ISRO-MEMS-SENS-2026,3.96,125.0,1.201,3.963,4.136,5.114,5.295,43.56,15.0,0,0,HEALTHY
LOT_2026_01,LOT_2026_01_COMP_0114,SPACE_MEMS_SENSOR,ISRO-MEMS-SENS-2026,3.96,125.0,1.233,4.071,4.27,4.904,5.116,43.25,15.0,0,0,HEALTHY
LOT_2026_01,LOT_2026_01_COMP_0115,SPACE_MEMS_SENSOR,ISRO-MEMS-SENS-2026,3.96,125.0,1.881,6.136,6.424,5.922,5.995,43.22,15.0,1,3,FREAK_OUTLIER
LOT_2026_01,LOT_2026_01_COMP_0116,SPACE_MEMS_SENSOR,ISRO-MEMS-SENS-2026,3.96,125.0,1.198,4.025,4.122,4.851,5.111,43.09,15.0,0,0,HEALTHY
LOT_2026_01,LOT_2026_01_COMP_0117,SPACE_MEMS_SENSOR,ISRO-MEMS-SENS-2026,3.96,125.0,1.283,4.224,4.375,4.962,5.311,43.46,15.0,0,0,HEALTHY
LOT_2026_01,LOT_2026_01_COMP_0118,SPACE_MEMS_SENSOR,ISRO-MEMS-SENS-2026,3.96,125.0,1.191,4.005,4.117,5.016,5.273,42.75,15.0,0,0,HEALTHY
LOT_2026_01,LOT_2026_01_COMP_0119,SPACE_MEMS_SENSOR,ISRO-MEMS-SENS-2026,3.96,125.0,1.056,3.574,3.723,4.789,5.007,43.43,15.0,0,0,HEALTHY
LOT_2026_01,LOT_2026_01_COMP_0120,SPACE_MEMS_SENSOR,ISRO-MEMS-SENS-2026,3.96,125.0,1.367,4.493,4.642,5.207,5.525,42.43,15.0,0,0,HEALTHY
LOT_2026_01,LOT_2026_01_COMP_0121,SPACE_MEMS_SENSOR,ISRO-MEMS-SENS-2026,3.96,125.0,1.226,4.024,4.233,5.24,5.43,43.28,15.0,0,0,HEALTHY
LOT_2026_01,LOT_2026_01_COMP_0122,SPACE_MEMS_SENSOR,ISRO-MEMS-SENS-2026,3.96,125.0,1.215,4.081,4.201,5.015,5.233,42.64,15.0,0,0,HEALTHY
LOT_2026_01,LOT_2026_01_COMP_0123,SPACE_MEMS_SENSOR,ISRO-MEMS-SENS-2026,3.96,125.0,1.112,3.733,3.914,4.799,5.096,43.62,15.0,0,0,HEALTHY
LOT_2026_01,LOT_2026_01_COMP_0124,SPACE_MEMS_SENSOR,ISRO-MEMS-SENS-2026,3.96,125.0,1.124,3.774,3.898,4.777,5.067,42.51,15.0,0,0,HEALTHY
LOT_2026_01,LOT_2026_01_COMP_0125,SPACE_MEMS_SENSOR,ISRO-MEMS-SENS-2026,3.96,125.0,1.193,3.953,4.063,5.339,5.526,42.24,15.0,0,0,HEALTHY
LOT_2026_01,LOT_2026_01_COMP_0126,SPACE_MEMS_SENSOR,ISRO-MEMS-SENS-2026,3.96,125.0,1.03,3.555,3.66,4.756,5.071,42.77,15.0,0,0,HEALTHY
LOT_2026_01,LOT_2026_01_COMP_0127,SPACE_MEMS_SENSOR,ISRO-MEMS-SENS-2026,3.96,125.0,1.224,4.109,4.242,4.5,4.708,42.97,15.0,0,0,HEALTHY
LOT_2026_01,LOT_2026_01_COMP_0128,SPACE_MEMS_SENSOR,ISRO-MEMS-SENS-2026,3.96,125.0,1.198,3.96,3.935,4.816,4.864,45.24,15.0,1,2,MEMS_MICROCRACK
LOT_2026_01,LOT_2026_01_COMP_0129,SPACE_MEMS_SENSOR,ISRO-MEMS-SENS-2026,3.96,125.0,1.19,3.962,4.133,5.165,5.353,43.15,15.0,0,0,HEALTHY
LOT_2026_01,LOT_2026_01_COMP_0130,SPACE_MEMS_SENSOR,ISRO-MEMS-SENS-2026,3.96,125.0,1.151,3.879,4.056,5.034,5.181,43.14,15.0,0,0,HEALTHY
LOT_2026_01,LOT_2026_01_COMP_0131,SPACE_MEMS_SENSOR,ISRO-MEMS-SENS-2026,3.96,125.0,1.098,3.619,3.766,5.089,5.359,43.21,15.0,0,0,HEALTHY
LOT_2026_01,LOT_2026_01_COMP_0132,SPACE_MEMS_SENSOR,ISRO-MEMS-SENS-2026,3.96,125.0,0.989,3.447,3.573,4.91,5.109,42.71,15.0,0,0,HEALTHY
LOT_2026_01,LOT_2026_01_COMP_0133,SPACE_MEMS_SENSOR,ISRO-MEMS-SENS-2026,3.96,125.0,1.359,4.473,4.654,5.047,5.15,42.73,15.0,0,0,HEALTHY
LOT_2026_01,LOT_2026_01_COMP_0134,SPACE_MEMS_SENSOR,ISRO-MEMS-SENS-2026,3.96,125.0,1.173,3.898,4.014,4.893,5.048,43.06,15.0,0,0,HEALTHY
LOT_2026_01,LOT_2026_01_COMP_0135,SPACE_MEMS_SENSOR,ISRO-MEMS-SENS-2026,3.96,125.0,1.15,3.983,4.121,5.033,5.219,43.7,15.0,0,0,HEALTHY
LOT_2026_01,LOT_2026_01_COMP_0136,SPACE_MEMS_SENSOR,ISRO-MEMS-SENS-2026,3.96,125.0,1.26,4.311,4.426,5.078,5.122,42.8,15.0,0,0,HEALTHY
LOT_2026_01,LOT_2026_01_COMP_0137,SPACE_MEMS_SENSOR,ISRO-MEMS-SENS-2026,3.96,125.0,1.183,3.931,4.101,5.258,5.473,42.55,15.0,0,0,HEALTHY
LOT_2026_01,LOT_2026_01_COMP_0138,SPACE_MEMS_SENSOR,ISRO-MEMS-SENS-2026,3.96,125.0,1.249,4.197,4.329,5.111,5.313,42.34,15.0,0,0,HEALTHY
LOT_2026_01,LOT_2026_01_COMP_0139,SPACE_MEMS_SENSOR,ISRO-MEMS-SENS-2026,3.96,125.0,1.254,4.232,4.371,5.045,5.251,43.38,15.0,0,0,HEALTHY
LOT_2026_01,LOT_2026_01_COMP_0140,SPACE_MEMS_SENSOR,ISRO-MEMS-SENS-2026,3.96,125.0,1.345,4.38,4.513,4.944,5.016,43.21,15.0,0,0,HEALTHY
LOT_2026_01,LOT_2026_01_COMP_0141,SPACE_MEMS_SENSOR,ISRO-MEMS-SENS-2026,3.96,125.0,1.111,3.776,3.939,5.119,5.327,43.47,15.0,0,0,HEALTHY
LOT_2026_01,LOT_2026_01_COMP_0142,SPACE_MEMS_SENSOR,ISRO-MEMS-SENS-2026,3.96,125.0,1.143,3.931,4.055,4.784,4.797,42.78,15.0,0,0,HEALTHY
LOT_2026_01,LOT_2026_01_COMP_0143,SPACE_MEMS_SENSOR,ISRO-MEMS-SENS-2026,3.96,125.0,1.129,3.778,3.902,4.975,5.179,43.44,15.0,0,0,HEALTHY
LOT_2026_01,LOT_2026_01_COMP_0144,SPACE_MEMS_SENSOR,ISRO-MEMS-SENS-2026,3.96,125.0,1.255,4.154,4.323,4.96,5.246,43.17,15.0,0,0,HEALTHY
LOT_2026_01,LOT_2026_01_COMP_0145,SPACE_MEMS_SENSOR,ISRO-MEMS-SENS-2026,3.96,125.0,1.194,3.988,4.155,5.169,5.353,42.92,15.0,0,0,HEALTHY
LOT_2026_01,LOT_2026_01_COMP_0146,SPACE_MEMS_SENSOR,ISRO-MEMS-SENS-2026,3.96,125.0,1.165,3.799,3.939,4.894,5.124,42.97,15.0,0,0,HEALTHY
LOT_2026_01,LOT_2026_01_COMP_0147,SPACE_MEMS_SENSOR,ISRO-MEMS-SENS-2026,3.96,125.0,1.148,3.834,3.984,4.878,5.142,43.72,15.0,0,0,HEALTHY
LOT_2026_01,LOT_2026_01_COMP_0148,SPACE_MEMS_SENSOR,ISRO-MEMS-SENS-2026,3.96,125.0,1.181,3.892,4.056,5.21,5.436,42.62,15.0,0,0,HEALTHY
LOT_2026_01,LOT_2026_01_COMP_0149,SPACE_MEMS_SENSOR,ISRO-MEMS-SENS-2026,3.96,125.0,1.256,4.212,4.308,4.939,5.195,43.55,15.0,0,0,HEALTHY
LOT_2026_01,LOT_2026_01_COMP_0150,SPACE_MEMS_SENSOR,ISRO-MEMS-SENS-2026,3.96,125.0,1.152,3.761,3.882,4.876,5.08,43.68,15.0,0,0,HEALTHY
LOT_2026_01,LOT_2026_01_COMP_0151,SPACE_MEMS_SENSOR,ISRO-MEMS-SENS-2026,3.96,125.0,1.139,3.822,3.976,5.048,5.197,42.86,15.0,0,0,HEALTHY
LOT_2026_01,LOT_2026_01_COMP_0152,SPACE_MEMS_SENSOR,ISRO-MEMS-SENS-2026,3.96,125.0,1.19,4.006,4.132,4.701,4.902,43.35,15.0,0,0,HEALTHY
LOT_2026_01,LOT_2026_01_COMP_0153,SPACE_MEMS_SENSOR,ISRO-MEMS-SENS-2026,3.96,125.0,1.183,3.852,3.966,4.828,4.931,43.09,15.0,0,0,HEALTHY
LOT_2026_01,LOT_2026_01_COMP_0154,SPACE_MEMS_SENSOR,ISRO-MEMS-SENS-2026,3.96,125.0,1.323,4.372,4.559,5.214,5.336,43.13,15.0,0,0,HEALTHY
LOT_2026_01,LOT_2026_01_COMP_0155,SPACE_MEMS_SENSOR,ISRO-MEMS-SENS-2026,3.96,125.0,1.184,4.029,4.17,5.307,5.47,42.63,15.0,0,0,HEALTHY
LOT_2026_01,LOT_2026_01_COMP_0156,SPACE_MEMS_SENSOR,ISRO-MEMS-SENS-2026,3.96,125.0,1.34,4.437,4.565,4.88,4.994,41.54,15.0,0,0,HEALTHY
LOT_2026_01,LOT_2026_01_COMP_0157,SPACE_MEMS_SENSOR,ISRO-MEMS-SENS-2026,3.96,125.0,1.274,4.267,4.469,5.15,5.333,41.73,15.0,0,0,HEALTHY
LOT_2026_01,LOT_2026_01_COMP_0158,SPACE_MEMS_SENSOR,ISRO-MEMS-SENS-2026,3.96,125.0,1.13,4.262,50358.786,4.906,5.412,44.71,15.0,1,1,THERMAL_RUNAWAY
LOT_2026_01,LOT_2026_01_COMP_0159,SPACE_MEMS_SENSOR,ISRO-MEMS-SENS-2026,3.96,125.0,1.116,3.911,4.07,4.877,5.053,43.04,15.0,0,0,HEALTHY
LOT_2026_01,LOT_2026_01_COMP_0160,SPACE_MEMS_SENSOR,ISRO-MEMS-SENS-2026,3.96,125.0,1.218,4.04,4.163,4.961,5.176,42.54,15.0,0,0,HEALTHY
LOT_2026_01,LOT_2026_01_COMP_0161,SPACE_MEMS_SENSOR,ISRO-MEMS-SENS-2026,3.96,125.0,1.117,3.703,3.82,4.975,5.119,43.52,15.0,0,0,HEALTHY
LOT_2026_01,LOT_2026_01_COMP_0162,SPACE_MEMS_SENSOR,ISRO-MEMS-SENS-2026,3.96,125.0,1.386,4.555,4.698,4.884,5.122,43.38,15.0,0,0,HEALTHY
LOT_2026_01,LOT_2026_01_COMP_0163,SPACE_MEMS_SENSOR,ISRO-MEMS-SENS-2026,3.96,125.0,1.353,4.652,4.789,5.105,5.316,42.32,15.0,0,0,HEALTHY
LOT_2026_01,LOT_2026_01_COMP_0164,SPACE_MEMS_SENSOR,ISRO-MEMS-SENS-2026,3.96,125.0,1.272,4.15,4.381,4.938,5.278,42.7,15.0,0,0,HEALTHY
LOT_2026_01,LOT_2026_01_COMP_0165,SPACE_MEMS_SENSOR,ISRO-MEMS-SENS-2026,3.96,125.0,1.231,4.093,4.21,5.089,5.342,42.99,15.0,0,0,HEALTHY
LOT_2026_01,LOT_2026_01_COMP_0166,SPACE_MEMS_SENSOR,ISRO-MEMS-SENS-2026,3.96,125.0,1.087,3.5,3.627,4.91,5.145,42.71,15.0,0,0,HEALTHY
LOT_2026_01,LOT_2026_01_COMP_0167,SPACE_MEMS_SENSOR,ISRO-MEMS-SENS-2026,3.96,125.0,1.286,4.283,4.407,5.012,5.059,42.1,15.0,0,0,HEALTHY
LOT_2026_01,LOT_2026_01_COMP_0168,SPACE_MEMS_SENSOR,ISRO-MEMS-SENS-2026,3.96,125.0,1.305,4.321,4.485,5.011,5.303,43.19,15.0,0,0,HEALTHY
LOT_2026_01,LOT_2026_01_COMP_0169,SPACE_MEMS_SENSOR,ISRO-MEMS-SENS-2026,3.96,125.0,1.161,3.96,4.109,4.979,5.163,43.84,15.0,0,0,HEALTHY
LOT_2026_01,LOT_2026_01_COMP_0170,SPACE_MEMS_SENSOR,ISRO-MEMS-SENS-2026,3.96,125.0,1.062,3.548,3.539,5.069,5.118,44.71,15.0,1,2,MEMS_MICROCRACK
LOT_2026_01,LOT_2026_01_COMP_0171,SPACE_MEMS_SENSOR,ISRO-MEMS-SENS-2026,3.96,125.0,1.226,4.068,4.223,4.862,5.07,42.66,15.0,0,0,HEALTHY
LOT_2026_01,LOT_2026_01_COMP_0172,SPACE_MEMS_SENSOR,ISRO-MEMS-SENS-2026,3.96,125.0,1.251,4.124,4.255,5.02,5.26,42.15,15.0,0,0,HEALTHY
LOT_2026_01,LOT_2026_01_COMP_0173,SPACE_MEMS_SENSOR,ISRO-MEMS-SENS-2026,3.96,125.0,1.342,4.451,4.56,4.96,5.168,43.19,15.0,0,0,HEALTHY
LOT_2026_01,LOT_2026_01_COMP_0174,SPACE_MEMS_SENSOR,ISRO-MEMS-SENS-2026,3.96,125.0,1.894,6.211,6.514,6.093,6.138,42.61,15.0,1,3,FREAK_OUTLIER
LOT_2026_01,LOT_2026_01_COMP_0175,SPACE_MEMS_SENSOR,ISRO-MEMS-SENS-2026,3.96,125.0,1.338,4.438,4.545,4.731,4.935,42.79,15.0,0,0,HEALTHY
LOT_2026_01,LOT_2026_01_COMP_0176,SPACE_MEMS_SENSOR,ISRO-MEMS-SENS-2026,3.96,125.0,1.245,4.209,4.254,4.899,5.054,42.66,15.0,0,0,HEALTHY
LOT_2026_01,LOT_2026_01_COMP_0177,SPACE_MEMS_SENSOR,ISRO-MEMS-SENS-2026,3.96,125.0,1.18,3.857,4.016,4.883,5.138,43.05,15.0,0,0,HEALTHY
LOT_2026_01,LOT_2026_01_COMP_0178,SPACE_MEMS_SENSOR,ISRO-MEMS-SENS-2026,3.96,125.0,1.232,4.174,4.355,4.746,5.034,42.71,15.0,0,0,HEALTHY
LOT_2026_01,LOT_2026_01_COMP_0179,SPACE_MEMS_SENSOR,ISRO-MEMS-SENS-2026,3.96,125.0,1.178,4.045,4.146,5.257,5.487,43.47,15.0,0,0,HEALTHY
LOT_2026_01,LOT_2026_01_COMP_0180,SPACE_MEMS_SENSOR,ISRO-MEMS-SENS-2026,3.96,125.0,1.351,4.495,4.609,5.364,5.514,43.58,15.0,0,0,HEALTHY
LOT_2026_01,LOT_2026_01_COMP_0181,SPACE_MEMS_SENSOR,ISRO-MEMS-SENS-2026,3.96,125.0,1.331,4.428,4.586,4.908,5.102,43.5,15.0,0,0,HEALTHY
LOT_2026_01,LOT_2026_01_COMP_0182,SPACE_MEMS_SENSOR,ISRO-MEMS-SENS-2026,3.96,125.0,1.224,4.01,4.194,4.89,5.051,42.74,15.0,0,0,HEALTHY
LOT_2026_01,LOT_2026_01_COMP_0183,SPACE_MEMS_SENSOR,ISRO-MEMS-SENS-2026,3.96,125.0,1.209,4.003,4.16,5.22,5.336,42.62,15.0,0,0,HEALTHY
LOT_2026_01,LOT_2026_01_COMP_0184,SPACE_MEMS_SENSOR,ISRO-MEMS-SENS-2026,3.96,125.0,1.183,3.868,3.949,4.813,5.012,42.81,15.0,0,0,HEALTHY
LOT_2026_01,LOT_2026_01_COMP_0185,SPACE_MEMS_SENSOR,ISRO-MEMS-SENS-2026,3.96,125.0,1.173,3.94,4.081,5.022,5.228,42.25,15.0,0,0,HEALTHY
LOT_2026_01,LOT_2026_01_COMP_0186,SPACE_MEMS_SENSOR,ISRO-MEMS-SENS-2026,3.96,125.0,1.266,4.225,4.395,4.837,5.075,42.19,15.0,0,0,HEALTHY
LOT_2026_01,LOT_2026_01_COMP_0187,SPACE_MEMS_SENSOR,ISRO-MEMS-SENS-2026,3.96,125.0,1.175,3.927,4.052,4.887,4.997,43.77,15.0,0,0,HEALTHY
LOT_2026_01,LOT_2026_01_COMP_0188,SPACE_MEMS_SENSOR,ISRO-MEMS-SENS-2026,3.96,125.0,1.323,4.481,4.62,4.837,5.02,43.38,15.0,0,0,HEALTHY
LOT_2026_01,LOT_2026_01_COMP_0189,SPACE_MEMS_SENSOR,ISRO-MEMS-SENS-2026,3.96,125.0,1.165,3.952,4.122,5.121,5.334,42.78,15.0,0,0,HEALTHY
LOT_2026_01,LOT_2026_01_COMP_0190,SPACE_MEMS_SENSOR,ISRO-MEMS-SENS-2026,3.96,125.0,1.146,4.009,4.154,4.941,5.153,42.55,15.0,0,0,HEALTHY
LOT_2026_01,LOT_2026_01_COMP_0191,SPACE_MEMS_SENSOR,ISRO-MEMS-SENS-2026,3.96,125.0,1.098,3.742,3.864,5.161,5.468,43.56,15.0,0,0,HEALTHY
LOT_2026_01,LOT_2026_01_COMP_0192,SPACE_MEMS_SENSOR,ISRO-MEMS-SENS-2026,3.96,125.0,1.332,4.487,4.655,5.291,5.39,43.45,15.0,0,0,HEALTHY
LOT_2026_01,LOT_2026_01_COMP_0193,SPACE_MEMS_SENSOR,ISRO-MEMS-SENS-2026,3.96,125.0,1.129,3.816,3.956,5.005,5.167,42.99,15.0,0,0,HEALTHY
LOT_2026_01,LOT_2026_01_COMP_0194,SPACE_MEMS_SENSOR,ISRO-MEMS-SENS-2026,3.96,125.0,1.107,3.707,3.841,4.969,5.229,42.97,15.0,0,0,HEALTHY
LOT_2026_01,LOT_2026_01_COMP_0195,SPACE_MEMS_SENSOR,ISRO-MEMS-SENS-2026,3.96,125.0,1.121,3.884,3.979,4.77,4.935,43.06,15.0,0,0,HEALTHY
LOT_2026_01,LOT_2026_01_COMP_0196,SPACE_MEMS_SENSOR,ISRO-MEMS-SENS-2026,3.96,125.0,1.214,4.091,4.227,5.256,5.47,42.74,15.0,0,0,HEALTHY
LOT_2026_01,LOT_2026_01_COMP_0197,SPACE_MEMS_SENSOR,ISRO-MEMS-SENS-2026,3.96,125.0,1.252,4.222,4.403,5.275,5.479,43.64,15.0,0,0,HEALTHY
LOT_2026_01,LOT_2026_01_COMP_0198,SPACE_MEMS_SENSOR,ISRO-MEMS-SENS-2026,3.96,125.0,1.293,4.21,4.361,4.986,5.167,42.17,15.0,0,0,HEALTHY
LOT_2026_01,LOT_2026_01_COMP_0199,SPACE_MEMS_SENSOR,ISRO-MEMS-SENS-2026,3.96,125.0,1.264,4.104,4.276,5.153,5.344,42.93,15.0,0,0,HEALTHY
